county,lat,lon,an_2002,po_2002,pc_2002,an_2003,po_2003,pc_2003,an_2004,po_2004,pc_2004,an_2005,po_2005,pc_2005,an_2006,po_2006,pc_2006,an_2007,po_2007,pc_2007,an_2008,po_2008,pc_2008,an_2009,po_2009,pc_2009,an_2010,po_2010,pc_2010,an_2011,po_2011,pc_2011,an_2012,po_2012,pc_2012,an_2013,po_2013,pc_2013,an_2014,po_2014,pc_2014,an_2015,po_2015,pc_2015,an_2016,po_2016,pc_2016,an_2017,po_2017,pc_2017,an_2018,po_2018,pc_2018,an_2019,po_2019,pc_2019,an_2020,po_2020,pc_2020
Adams,43.9737568,-89.7672276,738,0.00001,0.00001,324,0.00001,0.00001,322,0.00001,0.00001,489,0.00001,0.00001,126,0.00001,0.00001,451,0.00001,0.00001,497,0.00001,0.00001,73,0.00001,0.00001,225,0.00001,0.00001,481,0.00001,0.00001,1068,0.00001,0.00001,247,0.00001,0.00001,5885,94,0.015972812,203,0.00001,0.00001,429,0.00001,0.00001,383,0.00001,0.00001,259,0.00001,0.00001,164,0.00001,0.00001,237,0.00001,0.00001
Ashland,46.5444245,-90.6796907,165,0.00001,0.00001,169,0.00001,0.00001,0.00001,0.00001,0.00001,546,0.00001,0.00001,486,0.00001,0.00001,310,0.00001,0.00001,7632,107,0.014019916,0.00001,0.00001,0.00001,253,0.00001,0.00001,0.00001,0.00001,0.00001,558,0.00001,0.00001,189,0.00001,0.00001,0.00001,0.00001,0.00001,0.00001,0.00001,0.00001,498,0.00001,0.00001,27,0.00001,0.00001,197,0.00001,0.00001,302,0.00001,0.00001,414,0.00001,0.00001
Barron,45.4371917,-91.8528921,439,0.00001,0.00001,489,0.00001,0.00001,0.00001,0.00001,0.00001,0.00001,0.00001,0.00001,220,0.00001,0.00001,563,0.00001,0.00001,650,0.00001,0.00001,0.00001,0.00001,0.00001,0.00001,0.00001,0.00001,506,0.00001,0.00001,37,0.00001,0.00001,507,0.00001,0.00001,591,0.00001,0.00001,626,0.00001,0.00001,292,0.00001,0.00001,36,0.00001,0.00001,115,0.00001,0.00001,126,0.00001,0.00001,326,0.00001,0.00001
Bayfield,46.6341992,-91.1772815,508,0.00001,0.00001,483,0.00001,0.00001,20,0.00001,0.00001,636,1,0.001572327,323,0.00001,0.00001,451,0.00001,0.00001,137,0.00001,0.00001,1830,2,0.001092896,575,0.00001,0.00001,670,0.00001,0.00001,263,0.00001,0.00001,274,0.00001,0.00001,379,0.00001,0.00001,0.00001,0.00001,0.00001,208,0.00001,0.00001,302,0.00001,0.00001,623,0.00001,0.00001,129,1,0.007751938,556,0.00001,0.00001
Brown,44.4740244,-87.9961303,125,0.00001,0.00001,101,0.00001,0.00001,607,0.00001,0.00001,513,0.00001,0.00001,187,0.00001,0.00001,346,0.00001,0.00001,0.00001,0.00001,0.00001,0.00001,0.00001,0.00001,0.00001,0.00001,0.00001,9,0.00001,0.00001,1,0.00001,0.00001,4,0.00001,0.00001,0.00001,0.00001,0.00001,2,0.00001,0.00001,4,0.00001,0.00001,1,0.00001,0.00001,1,0.00001,0.00001,2,0.00001,0.00001,157,0.00001,0.00001
Buffalo,44.3856333,-91.761294,5,0.00001,0.00001,426,1,0.002347418,62,0.00001,0.00001,2782,31,0.011143063,15,0.00001,0.00001,2,0.00001,0.00001,194,0.00001,0.00001,0.00001,0.00001,0.00001,4,0.00001,0.00001,591,0.00001,0.00001,0.00001,0.00001,0.00001,141,1,0.007092199,4,0.00001,0.00001,4663,75,0.016084066,5,0.00001,0.00001,246,0.00001,0.00001,83,0.00001,0.00001,57,1,0.01754386,3,0.00001,0.00001
Burnett,45.8668974,-92.3757305,1,0.00001,0.00001,194,0.00001,0.00001,0.00001,0.00001,0.00001,1,0.00001,0.00001,222,0.00001,0.00001,5,0.00001,0.00001,5,0.00001,0.00001,0.00001,0.00001,0.00001,0.00001,0.00001,0.00001,31,0.00001,0.00001,1,0.00001,0.00001,16,0.00001,0.00001,3,0.00001,0.00001,3,0.00001,0.00001,2,0.00001,0.00001,2,0.00001,0.00001,1,0.00001,0.00001,1,0.00001,0.00001,67,0.00001,0.00001
Calumet,44.0784104,-88.2121322,5,0.00001,0.00001,47,0.00001,0.00001,0.00001,0.00001,0.00001,1317,0.00001,0.00001,0.00001,0.00001,0.00001,591,7,0.011844332,0.00001,0.00001,0.00001,0.00001,0.00001,0.00001,0.00001,0.00001,0.00001,0.00001,0.00001,0.00001,0.00001,0.00001,0.00001,0.00001,0.00001,0.00001,1,0.00001,0.00001,0.00001,0.00001,0.00001,0.00001,0.00001,0.00001,1732,0.00001,0.00001,5,0.00001,0.00001,5,0.00001,0.00001,220,0.00001,0.00001
Chippewa,45.0690918,-91.2835054,178,0.00001,0.00001,3,0.00001,0.00001,0.00001,0.00001,0.00001,16,0.00001,0.00001,68,0.00001,0.00001,1,0.00001,0.00001,415,1,0.002409639,0.00001,0.00001,0.00001,2,0.00001,0.00001,0.00001,0.00001,0.00001,0.00001,0.00001,0.00001,4,0.00001,0.00001,241,0.00001,0.00001,5,0.00001,0.00001,60,0.00001,0.00001,1,0.00001,0.00001,3,0.00001,0.00001,16,0.00001,0.00001,2,0.00001,0.00001
Clark,44.7393462,-90.6099532,3,0.00001,0.00001,5,0.00001,0.00001,1,0.00001,0.00001,563,0.00001,0.00001,37,0.00001,0.00001,2921,41,0.014036289,70,0.00001,0.00001,0.00001,0.00001,0.00001,0.00001,0.00001,0.00001,3,0.00001,0.00001,2,0.00001,0.00001,2,0.00001,0.00001,1,0.00001,0.00001,241,0.00001,0.00001,465,1,0.002150538,1,0.00001,0.00001,6368,84,0.013190955,6,0.00001,0.00001,875,0.00001,0.00001
Columbia,43.4718818,-89.3304721,9,0.00001,0.00001,330,0.00001,0.00001,1,0.00001,0.00001,406,2,0.004926108,2,0.00001,0.00001,15,0.00001,0.00001,17,0.00001,0.00001,4,0.00001,0.00001,4,0.00001,0.00001,3,0.00001,0.00001,1,0.00001,0.00001,75,0.00001,0.00001,1,0.00001,0.00001,377,0.00001,0.00001,1691,0.00001,0.00001,775,4,0.00516129,1302,3,0.002304147,1,0.00001,0.00001,2,0.00001,0.00001
Crawford,43.24991,-90.9512302,6,0.00001,0.00001,1,0.00001,0.00001,5,0.00001,0.00001,12,0.00001,0.00001,60,0.00001,0.00001,2,0.00001,0.00001,1525,10,0.006557377,2,0.00001,0.00001,3,0.00001,0.00001,798,0.00001,0.00001,11,0.00001,0.00001,112,0.00001,0.00001,2,0.00001,0.00001,2,0.00001,0.00001,32,0.00001,0.00001,1,0.00001,0.00001,4,0.00001,0.00001,134,0.00001,0.00001,1,0.00001,0.00001
Dane,43.0674684,-89.4178523,1,0.00001,0.00001,74,0.00001,0.00001,1,0.00001,0.00001,1,0.00001,0.00001,211,2,0.009478673,42,0.00001,0.00001,3689,40,0.010843047,239,0.00001,0.00001,367,0.00001,0.00001,2,0.00001,0.00001,1,0.00001,0.00001,1,0.00001,0.00001,3,0.00001,0.00001,178,0.00001,0.00001,11,0.00001,0.00001,501,0.00001,0.00001,529,0.00001,0.00001,258,0.00001,0.00001,4990,115,0.023046092
Dodge,43.4296276,-88.7019394,1,0.00001,0.00001,3,0.00001,0.00001,2164,2,0.000924214,12,0.00001,0.00001,246,0.00001,0.00001,195,0.00001,0.00001,3,0.00001,0.00001,334,4,0.011976048,15,0.00001,0.00001,338,0.00001,0.00001,18,0.00001,0.00001,417,0.00001,0.00001,413,0.00001,0.00001,13,0.00001,0.00001,128,0.00001,0.00001,236,0.00001,0.00001,2,0.00001,0.00001,308,0.00001,0.00001,2,0.00001,0.00001
Door,45.0934165,-87.25,1,0.00001,0.00001,0.00001,0.00001,0.00001,0.00001,0.00001,0.00001,2,0.00001,0.00001,0.00001,0.00001,0.00001,111,0.00001,0.00001,4,0.00001,0.00001,312,0.00001,0.00001,0.00001,0.00001,0.00001,0.00001,0.00001,0.00001,919,2,0.002176279,1612,6,0.003722084,0.00001,0.00001,0.00001,0.00001,0.00001,0.00001,1855,2,0.001078167,1,0.00001,0.00001,632,0.00001,0.00001,66,0.00001,0.00001,1,0.00001,0.00001
Douglas,46.4632185,-91.8924773,6,0.00001,0.00001,0.00001,0.00001,0.00001,43,0.00001,0.00001,29,0.00001,0.00001,5,0.00001,0.00001,1219,8,0.006562756,8,0.00001,0.00001,0.00001,0.00001,0.00001,0.00001,0.00001,0.00001,0.00001,0.00001,0.00001,0.00001,0.00001,0.00001,0.00001,0.00001,0.00001,843,0.00001,0.00001,0.00001,0.00001,0.00001,434,0.00001,0.00001,462,0.00001,0.00001,118,0.00001,0.00001,9,0.00001,0.00001,496,0.00001,0.00001
Dunn,44.9477513,-91.8976451,32,0.00001,0.00001,92,0.00001,0.00001,0.00001,0.00001,0.00001,91,0.00001,0.00001,1,0.00001,0.00001,0.00001,0.00001,0.00001,578,0.00001,0.00001,0.00001,0.00001,0.00001,0.00001,0.00001,0.00001,124,0.00001,0.00001,295,0.00001,0.00001,492,0.00001,0.00001,706,6,0.008498584,268,0.00001,0.00001,2985,44,0.014740369,814,0.00001,0.00001,38,0.00001,0.00001,438,0.00001,0.00001,269,0.00001,0.00001
Eau Claire,44.7263547,-91.2864137,4,0.00001,0.00001,10,0.00001,0.00001,3,0.00001,0.00001,904,1,0.001106195,477,0.00001,0.00001,0.00001,0.00001,0.00001,0.00001,0.00001,0.00001,6,0.00001,0.00001,4715,96,0.020360551,1,0.00001,0.00001,471,0.00001,0.00001,2411,0.00001,0.00001,0.00001,0.00001,0.00001,555,0.00001,0.00001,318,0.00001,0.00001,1,0.00001,0.00001,451,0.00001,0.00001,510,2,0.003921569,23,0.00001,0.00001
Florence,45.8718277,-88.4069879,33,0.00001,0.00001,0.00001,0.00001,0.00001,0.00001,0.00001,0.00001,16,0.00001,0.00001,375,0.00001,0.00001,9,0.00001,0.00001,41,0.00001,0.00001,45,0.00001,0.00001,0.00001,0.00001,0.00001,0.00001,0.00001,0.00001,0.00001,0.00001,0.00001,0.00001,0.00001,0.00001,0.00001,0.00001,0.00001,0.00001,0.00001,0.00001,505,0.00001,0.00001,2,0.00001,0.00001,50,0.00001,0.00001,95,0.00001,0.00001,185,0.00001,0.00001
Fond du Lac,43.7547219,-88.493284,216,0.00001,0.00001,110,0.00001,0.00001,420,0.00001,0.00001,16,0.00001,0.00001,335,0.00001,0.00001,0.00001,0.00001,0.00001,0.00001,0.00001,0.00001,0.00001,0.00001,0.00001,0.00001,0.00001,0.00001,1182,0.00001,0.00001,1593,21,0.013182674,86,0.00001,0.00001,335,0.00001,0.00001,0.00001,0.00001,0.00001,1705,14,0.008211144,62,0.00001,0.00001,3,0.00001,0.00001,342,0.00001,0.00001,34,0.00001,0.00001
Forest,45.6668806,-88.7733265,464,0.00001,0.00001,0.00001,0.00001,0.00001,39,0.00001,0.00001,368,0.00001,0.00001,63,0.00001,0.00001,1250,21,0.0168,95,0.00001,0.00001,0.00001,0.00001,0.00001,0.00001,0.00001,0.00001,121,0.00001,0.00001,0.00001,0.00001,0.00001,0.00001,0.00001,0.00001,0.00001,0.00001,0.00001,0.00001,0.00001,0.00001,929,0.00001,0.00001,11,0.00001,0.00001,58,0.00001,0.00001,3,0.00001,0.00001,494,0.00001,0.00001
Grant,42.8700275,-90.6942288,8,0.00001,0.00001,30,0.00001,0.00001,103,0.00001,0.00001,130,0.00001,0.00001,1,0.00001,0.00001,7,0.00001,0.00001,172,0.00001,0.00001,1,0.00001,0.00001,1,0.00001,0.00001,1,0.00001,0.00001,183,2,0.010928962,19,0.00001,0.00001,1506,33,0.021912351,3,0.00001,0.00001,1,0.00001,0.00001,146,0.00001,0.00001,32,0.00001,0.00001,33,0.00001,0.00001,94,0.00001,0.00001
Green,42.6755218,-89.6050743,92,0.00001,0.00001,2822,77,0.027285613,31,0.00001,0.00001,2,0.00001,0.00001,60,0.00001,0.00001,33,0.00001,0.00001,3,0.00001,0.00001,1,0.00001,0.00001,71,1,0.014084507,123,0.00001,0.00001,152,0.00001,0.00001,1,0.00001,0.00001,2,0.00001,0.00001,1,0.00001,0.00001,7,0.00001,0.00001,2,0.00001,0.00001,1,0.00001,0.00001,113,0.00001,0.00001,1,0.00001,0.00001
Green Lake,43.7802469,-88.9703796,4,0.00001,0.00001,1,0.00001,0.00001,102,0.00001,0.00001,23,0.00001,0.00001,98,0.00001,0.00001,0.00001,0.00001,0.00001,9,0.00001,0.00001,256,0.00001,0.00001,0.00001,0.00001,0.00001,455,11,0.024175824,230,0.00001,0.00001,1047,5,0.004775549,68,0.00001,0.00001,3,0.00001,0.00001,98,0.00001,0.00001,2,0.00001,0.00001,12,0.00001,0.00001,16,0.00001,0.00001,146,0.00001,0.00001
Iowa,43.0010208,-90.1336915,536,6,0.01119403,143,0.00001,0.00001,1,0.00001,0.00001,19,0.00001,0.00001,4,0.00001,0.00001,32,0.00001,0.00001,3,0.00001,0.00001,8,0.00001,0.00001,220,0.00001,0.00001,298,0.00001,0.00001,321,0.00001,0.00001,1,0.00001,0.00001,206,0.00001,0.00001,1,0.00001,0.00001,5,0.00001,0.00001,295,0.00001,0.00001,21,0.00001,0.00001,1141,38,0.033304119,12,0.00001,0.00001
Iron,46.32655,-90.2612985,3,0.00001,0.00001,0.00001,0.00001,0.00001,0.00001,0.00001,0.00001,326,0.00001,0.00001,1,0.00001,0.00001,350,0.00001,0.00001,227,0.00001,0.00001,0.00001,0.00001,0.00001,0.00001,0.00001,0.00001,0.00001,0.00001,0.00001,0.00001,0.00001,0.00001,0.00001,0.00001,0.00001,0.00001,0.00001,0.00001,92,1,0.010869565,190,0.00001,0.00001,6,0.00001,0.00001,2373,107,0.045090603,219,0.00001,0.00001,7,0.00001,0.00001
Jackson,44.3245897,-90.7995104,96,0.00001,0.00001,10,0.00001,0.00001,1,0.00001,0.00001,2,0.00001,0.00001,2,0.00001,0.00001,88,1,0.011363636,417,0.00001,0.00001,363,0.00001,0.00001,2,0.00001,0.00001,6,0.00001,0.00001,6,0.00001,0.00001,9,0.00001,0.00001,3,0.00001,0.00001,30,0.00001,0.00001,467,0.00001,0.00001,1,0.00001,0.00001,3,0.00001,0.00001,344,0.00001,0.00001,17,0.00001,0.00001
Jefferson,43.0138045,-88.7739847,441,0.00001,0.00001,2,0.00001,0.00001,243,0.00001,0.00001,572,21,0.036713287,273,0.00001,0.00001,2,0.00001,0.00001,717,6,0.008368201,421,0.00001,0.00001,5,0.00001,0.00001,397,0.00001,0.00001,1,0.00001,0.00001,39,0.00001,0.00001,10,0.00001,0.00001,321,0.00001,0.00001,351,7,0.01994302,255,0.00001,0.00001,32,0.00001,0.00001,2,0.00001,0.00001,14,0.00001,0.00001
Juneau,43.9328362,-90.1139837,1,0.00001,0.00001,4,0.00001,0.00001,19,0.00001,0.00001,548,2,0.003649635,45,0.00001,0.00001,1080,31,0.028703704,10,0.00001,0.00001,3,0.00001,0.00001,2,0.00001,0.00001,1,0.00001,0.00001,235,0.00001,0.00001,146,0.00001,0.00001,4,0.00001,0.00001,2084,103,0.049424184,2,0.00001,0.00001,55,1,0.018181818,16,0.00001,0.00001,76,1,0.013157895,2,0.00001,0.00001
Kenosha,42.5797034,-87.85,1,0.00001,0.00001,0.00001,0.00001,0.00001,1,0.00001,0.00001,11,0.00001,0.00001,7,0.00001,0.00001,1,0.00001,0.00001,1,0.00001,0.00001,0.00001,0.00001,0.00001,1,0.00001,0.00001,0.00001,0.00001,0.00001,1,0.00001,0.00001,0.00001,0.00001,0.00001,1,0.00001,0.00001,1,0.00001,0.00001,23,0.00001,0.00001,2,0.00001,0.00001,933,7,0.00750268,383,18,0.046997389,1099,12,0.010919017
Kewaunee,44.5010324,-87.55,1,0.00001,0.00001,1,0.00001,0.00001,1,0.00001,0.00001,1,0.00001,0.00001,2,0.00001,0.00001,0.00001,0.00001,0.00001,9,0.00001,0.00001,0.00001,0.00001,0.00001,42,0.00001,0.00001,262,4,0.015267176,3,0.00001,0.00001,0.00001,0.00001,0.00001,0.00001,0.00001,0.00001,0.00001,0.00001,0.00001,19,0.00001,0.00001,2,0.00001,0.00001,16,0.00001,0.00001,1,0.00001,0.00001,7,0.00001,0.00001
La Crosse,43.9082222,-91.1117584,2,0.00001,0.00001,33,0.00001,0.00001,0.00001,0.00001,0.00001,175,0.00001,0.00001,2,0.00001,0.00001,1,0.00001,0.00001,154,1,0.006493506,0.00001,0.00001,0.00001,29,0.00001,0.00001,0.00001,0.00001,0.00001,1316,35,0.026595745,170,0.00001,0.00001,1,0.00001,0.00001,158,0.00001,0.00001,128,2,0.015625,1853,138,0.074473826,3,0.00001,0.00001,697,1,0.00143472,10,0.00001,0.00001
Lafayette,42.6555782,-90.1302916,1,0.00001,0.00001,1,0.00001,0.00001,2,0.00001,0.00001,95,3,0.031578947,4,0.00001,0.00001,5,0.00001,0.00001,5,0.00001,0.00001,4,0.00001,0.00001,1,0.00001,0.00001,1,0.00001,0.00001,1,0.00001,0.00001,45,0.00001,0.00001,1,0.00001,0.00001,660,11,0.016666667,417,9,0.021582734,914,16,0.01750547,2,0.00001,0.00001,4,0.00001,0.00001,1,0.00001,0.00001
Langlade,45.2623814,-89.0677254,1,0.00001,0.00001,8,0.00001,0.00001,0.00001,0.00001,0.00001,29,0.00001,0.00001,305,3,0.009836066,1,0.00001,0.00001,164,0.00001,0.00001,3,0.00001,0.00001,0.00001,0.00001,0.00001,0.00001,0.00001,0.00001,17,0.00001,0.00001,0.00001,0.00001,0.00001,0.00001,0.00001,0.00001,0.00001,0.00001,0.00001,16,0.00001,0.00001,2,0.00001,0.00001,2,0.00001,0.00001,2,0.00001,0.00001,1,0.00001,0.00001
Lincoln,45.3384167,-89.7423088,183,0.00001,0.00001,0.00001,0.00001,0.00001,0.00001,0.00001,0.00001,0.00001,0.00001,0.00001,9,0.00001,0.00001,2,0.00001,0.00001,93,1,0.010752688,23,0.00001,0.00001,0.00001,0.00001,0.00001,0.00001,0.00001,0.00001,0.00001,0.00001,0.00001,934,43,0.046038544,3,0.00001,0.00001,1,0.00001,0.00001,7,0.00001,0.00001,1,0.00001,0.00001,1,0.00001,0.00001,108,0.00001,0.00001,38,0.00001,0.00001
Manitowoc,44.156137,-87.78,5,0.00001,0.00001,1567,143,0.091257179,0.00001,0.00001,0.00001,2,0.00001,0.00001,19,0.00001,0.00001,4,0.00001,0.00001,1,0.00001,0.00001,0.00001,0.00001,0.00001,0.00001,0.00001,0.00001,59,1,0.016949153,0.00001,0.00001,0.00001,0.00001,0.00001,0.00001,0.00001,0.00001,0.00001,1,0.00001,0.00001,0.00001,0.00001,0.00001,4,0.00001,0.00001,13,0.00001,0.00001,2,0.00001,0.00001,3,0.00001,0.00001
Marathon,44.8980363,-89.757823,1,0.00001,0.00001,0.00001,0.00001,0.00001,9,0.00001,0.00001,1,0.00001,0.00001,3,0.00001,0.00001,75,0.00001,0.00001,5,0.00001,0.00001,607,9,0.014827018,335,14,0.041791045,1,0.00001,0.00001,823,26,0.031591738,2,0.00001,0.00001,3,0.00001,0.00001,25,0.00001,0.00001,5,0.00001,0.00001,34,0.00001,0.00001,1,0.00001,0.00001,233,1,0.004291845,1,1,1
Marinette,45.3468989,-87.991198,1,0.00001,0.00001,16,0.00001,0.00001,0.00001,0.00001,0.00001,3,0.00001,0.00001,20,0.00001,0.00001,16,0.00001,0.00001,98,1,0.010204082,1,0.00001,0.00001,0.00001,0.00001,0.00001,0.00001,0.00001,0.00001,147,0.00001,0.00001,0.00001,0.00001,0.00001,13,0.00001,0.00001,2,0.00001,0.00001,210,0.00001,0.00001,30,0.00001,0.00001,83,4,0.048192771,21,0.00001,0.00001,714,45,0.06302521
Marquette,43.8260529,-89.4090953,123,0.00001,0.00001,4,0.00001,0.00001,4,0.00001,0.00001,1,0.00001,0.00001,3,0.00001,0.00001,145,3,0.020689655,66,2,0.03030303,4,0.00001,0.00001,1330,190,0.142857143,59,0.00001,0.00001,48,5,0.104166667,54,1,0.018518519,113,0.00001,0.00001,2,0.00001,0.00001,3,0.00001,0.00001,33,0.00001,0.00001,1,0.00001,0.00001,12,0.00001,0.00001,2,0.00001,0.00001
Menominee,44.9913041,-88.6692512,0.00001,0.00001,0.00001,10,0.00001,0.00001,0.00001,0.00001,0.00001,0.00001,0.00001,0.00001,0.00001,0.00001,0.00001,0.00001,0.00001,0.00001,0.00001,0.00001,0.00001,0.00001,0.00001,0.00001,0.00001,0.00001,0.00001,0.00001,0.00001,0.00001,0.00001,0.00001,0.00001,0.00001,0.00001,0.00001,0.00001,0.00001,0.00001,0.00001,0.00001,0.00001,1,0.00001,0.00001,11,0.00001,0.00001,1,0.00001,0.00001,4,0.00001,0.00001,1,0.00001,0.00001
Milwaukee,43.0176601,-87.9,10,0.00001,0.00001,94,1,0.010638298,15,0.00001,0.00001,117,1,0.008547009,592,18,0.030405405,0.00001,0.00001,0.00001,0.00001,0.00001,0.00001,322,12,0.037267081,19,0.00001,0.00001,0.00001,0.00001,0.00001,3,0.00001,0.00001,909,47,0.051705171,0.00001,0.00001,0.00001,47,0.00001,0.00001,1,0.00001,0.00001,5,0.00001,0.00001,2,0.00001,0.00001,5,1,0.2,32,0.00001,0.00001
Monroe,43.9451751,-90.6199687,3,0.00001,0.00001,274,6,0.02189781,688,0.00001,0.00001,3,0.00001,0.00001,47,2,0.042553191,3,0.00001,0.00001,4,0.00001,0.00001,40,0.00001,0.00001,256,1,0.00390625,16,0.00001,0.00001,65,0.00001,0.00001,17,0.00001,0.00001,1,0.00001,0.00001,6,0.00001,0.00001,129,0.00001,0.00001,1,0.00001,0.00001,21,0.00001,0.00001,78,5,0.064102564,114,0.00001,0.00001
Oconto,44.9965754,-88.2065162,705,53,0.075177305,173,0.00001,0.00001,1,0.00001,0.00001,1,0.00001,0.00001,1,0.00001,0.00001,5,0.00001,0.00001,350,3,0.008571429,168,4,0.023809524,0.00001,0.00001,0.00001,1,0.00001,0.00001,1591,226,0.142049026,60,0.00001,0.00001,34,0.00001,0.00001,87,0.00001,0.00001,2,0.00001,0.00001,97,3,0.030927835,1,0.00001,0.00001,90,0.00001,0.00001,5,0.00001,0.00001
Oneida,45.7161762,-89.5345333,1,0.00001,0.00001,4,0.00001,0.00001,0.00001,0.00001,0.00001,3,0.00001,0.00001,8,0.00001,0.00001,4,0.00001,0.00001,1,0.00001,0.00001,4,0.00001,0.00001,16,0.00001,0.00001,0.00001,0.00001,0.00001,0.00001,0.00001,0.00001,0.00001,0.00001,0.00001,0.00001,0.00001,0.00001,256,3,0.01171875,23,0.00001,0.00001,1,0.00001,0.00001,227,10,0.044052863,403,7,0.017369727,7,0.00001,0.00001
Outagamie,44.4182258,-88.4649883,1,0.00001,0.00001,548,39,0.071167883,29,0.00001,0.00001,2,0.00001,0.00001,0.00001,0.00001,0.00001,2,0.00001,0.00001,2,0.00001,0.00001,222,0.00001,0.00001,2,0.00001,0.00001,140,3,0.021428571,345,0.00001,0.00001,84,0.00001,0.00001,0.00001,0.00001,0.00001,125,0.00001,0.00001,32,0.00001,0.00001,25,0.00001,0.00001,1,0.00001,0.00001,70,0.00001,0.00001,274,2,0.00729927
Ozaukee,43.3607524,-87.88,72,0.00001,0.00001,3,0.00001,0.00001,5,0.00001,0.00001,98,0.00001,0.00001,1,0.00001,0.00001,0.00001,0.00001,0.00001,1,0.00001,0.00001,0.00001,0.00001,0.00001,1,0.00001,0.00001,284,3,0.01056338,59,0.00001,0.00001,760,50,0.065789474,29,0.00001,0.00001,1,0.00001,0.00001,2,0.00001,0.00001,1,0.00001,0.00001,125,3,0.024,53,2,0.037735849,1,0.00001,0.00001
Pepin,44.6274362,-91.8348898,1124,181,0.161032028,0.00001,0.00001,0.00001,0.00001,0.00001,0.00001,0.00001,0.00001,0.00001,5,0.00001,0.00001,141,2,0.014184397,0.00001,0.00001,0.00001,74,0.00001,0.00001,0.00001,0.00001,0.00001,1,0.00001,0.00001,0.00001,0.00001,0.00001,6,0.00001,0.00001,0.00001,0.00001,0.00001,50,4,0.08,1,0.00001,0.00001,285,0.00001,0.00001,2,0.00001,0.00001,17,0.00001,0.00001,11,0.00001,0.00001
Pierce,44.7253365,-92.4262793,1,0.00001,0.00001,0.00001,0.00001,0.00001,0.00001,0.00001,0.00001,1,0.00001,0.00001,6,0.00001,0.00001,212,0.00001,0.00001,0.00001,0.00001,0.00001,1,0.00001,0.00001,0.00001,0.00001,0.00001,256,13,0.05078125,0.00001,0.00001,0.00001,223,5,0.022421525,0.00001,0.00001,0.00001,0.00001,0.00001,0.00001,564,63,0.111702128,49,0.00001,0.00001,2,0.00001,0.00001,2,0.00001,0.00001,4,0.00001,0.00001
Polk,45.4620407,-92.447066,208,0.00001,0.00001,1,0.00001,0.00001,0.00001,0.00001,0.00001,83,2,0.024096386,264,0.00001,0.00001,5,0.00001,0.00001,22,1,0.045454545,0.00001,0.00001,0.00001,0.00001,0.00001,0.00001,29,0.00001,0.00001,12,0.00001,0.00001,2,0.00001,0.00001,34,0.00001,0.00001,167,2,0.011976048,13,0.00001,0.00001,1,0.00001,0.00001,3,0.00001,0.00001,21,0.00001,0.00001,3,0.00001,0.00001
Portage,44.4762457,-89.4980699,8,0.00001,0.00001,92,1,0.010869565,29,1,0.034482759,375,34,0.090666667,7,0.00001,0.00001,4,0.00001,0.00001,60,0.00001,0.00001,93,2,0.021505376,35,3,0.085714286,45,0.00001,0.00001,662,152,0.229607251,2,0.00001,0.00001,11,0.00001,0.00001,16,0.00001,0.00001,96,0.00001,0.00001,1,0.00001,0.00001,2,0.00001,0.00001,36,2,0.055555556,2,0.00001,0.00001
Price,45.6790725,-90.3596497,0.00001,0.00001,0.00001,79,0.00001,0.00001,4,0.00001,0.00001,53,0.00001,0.00001,1,0.00001,0.00001,19,0.00001,0.00001,2,0.00001,0.00001,0.00001,0.00001,0.00001,0.00001,0.00001,0.00001,0.00001,0.00001,0.00001,2,0.00001,0.00001,2,0.00001,0.00001,0.00001,0.00001,0.00001,1,0.00001,0.00001,4,0.00001,0.00001,13,0.00001,0.00001,124,0.00001,0.00001,3,0.00001,0.00001,2,0.00001,0.00001
Racine,42.7541215,-88.02,377,37,0.098143236,31,1,0.032258065,3,0.00001,0.00001,317,63,0.19873817,1,0.00001,0.00001,12,0.00001,0.00001,1,0.00001,0.00001,6,0.00001,0.00001,2,0.00001,0.00001,47,0.00001,0.00001,10,1,0.1,132,0.00001,0.00001,7,0.00001,0.00001,30,1,0.033333333,5,0.00001,0.00001,26,0.00001,0.00001,2,0.00001,0.00001,43,0.00001,0.00001,343,4,0.011661808
Richland,43.3761994,-90.4356927,1,0.00001,0.00001,61,0.00001,0.00001,5,0.00001,0.00001,5,0.00001,0.00001,2,0.00001,0.00001,124,0.00001,0.00001,9,0.00001,0.00001,86,0.00001,0.00001,153,9,0.058823529,122,1,0.008196721,561,41,0.073083779,13,0.00001,0.00001,3,0.00001,0.00001,6,0.00001,0.00001,4,0.00001,0.00001,124,0.00001,0.00001,3,0.00001,0.00001,2,0.00001,0.00001,10,0.00001,0.00001
Rock,42.6698802,-89.0752844,262,5,0.019083969,69,6,0.086956522,28,0.00001,0.00001,879,220,0.250284414,2,0.00001,0.00001,108,0.00001,0.00001,25,1,0.04,256,0.00001,0.00001,5,0.00001,0.00001,1,0.00001,0.00001,8,0.00001,0.00001,66,4,0.060606061,7,0.00001,0.00001,13,0.00001,0.00001,69,0.00001,0.00001,8,0.00001,0.00001,49,0.00001,0.00001,3,0.00001,0.00001,58,0.00001,0.00001
Rusk,45.472734,-91.1367448,73,0.00001,0.00001,68,0.00001,0.00001,0.00001,0.00001,0.00001,0.00001,0.00001,0.00001,121,0.00001,0.00001,1,0.00001,0.00001,2,0.00001,0.00001,0.00001,0.00001,0.00001,0.00001,0.00001,0.00001,0.00001,0.00001,0.00001,2,0.00001,0.00001,1,0.00001,0.00001,0.00001,0.00001,0.00001,187,0.00001,0.00001,163,1,0.006134969,3,0.00001,0.00001,11,0.00001,0.00001,470,61,0.129787234,80,5,0.0625
St. Croix,45.0289589,-92.4472842,3,0.00001,0.00001,0.00001,0.00001,0.00001,0.00001,0.00001,0.00001,0.00001,0.00001,0.00001,1,0.00001,0.00001,0.00001,0.00001,0.00001,442,90,0.20361991,0.00001,0.00001,0.00001,0.00001,0.00001,0.00001,5,0.00001,0.00001,33,0.00001,0.00001,4,0.00001,0.00001,0.00001,0.00001,0.00001,0.00001,0.00001,0.00001,10,0.00001,0.00001,2,0.00001,0.00001,288,0.00001,0.00001,75,0.00001,0.00001,55,0.00001,0.00001
Sauk,43.428001,-89.9433184,191,0.00001,0.00001,86,0.00001,0.00001,115,0.00001,0.00001,16,0.00001,0.00001,25,0.00001,0.00001,2,0.00001,0.00001,47,0.00001,0.00001,341,7,0.020527859,3,0.00001,0.00001,85,0.00001,0.00001,13,0.00001,0.00001,12,0.00001,0.00001,17,0.00001,0.00001,128,0.00001,0.00001,10,0.00001,0.00001,19,0.00001,0.00001,136,0.00001,0.00001,264,12,0.045454545,226,2,0.008849558
Sawyer,45.8649127,-91.1471302,678,69,0.101769912,166,1,0.006024096,13,0.00001,0.00001,11,0.00001,0.00001,32,0.00001,0.00001,91,1,0.010989011,19,0.00001,0.00001,54,0.00001,0.00001,15,0.00001,0.00001,378,12,0.031746032,91,9,0.098901099,56,0.00001,0.00001,0.00001,0.00001,0.00001,1080,250,0.231481481,11,0.00001,0.00001,154,0.00001,0.00001,79,0.00001,0.00001,255,2,0.007843137,11,0.00001,0.00001
Shawano,44.7896407,-88.7558134,6,0.00001,0.00001,68,0.00001,0.00001,105,7,0.066666667,31,0.00001,0.00001,47,1,0.021276596,0.00001,0.00001,0.00001,10,0.00001,0.00001,301,0.00001,0.00001,24,0.00001,0.00001,0.00001,0.00001,0.00001,92,0.00001,0.00001,22,0.00001,0.00001,62,1,0.016129032,299,0.00001,0.00001,107,0.00001,0.00001,200,1,0.005,10,0.00001,0.00001,45,0.00001,0.00001,13,0.00001,0.00001
Sheboygan,43.741232,-87.9,5,0.00001,0.00001,110,0.00001,0.00001,382,0.00001,0.00001,23,0.00001,0.00001,25,0.00001,0.00001,855,87,0.101754386,0.00001,0.00001,0.00001,99,5,0.050505051,18,0.00001,0.00001,0.00001,0.00001,0.00001,0.00001,0.00001,0.00001,0.00001,0.00001,0.00001,0.00001,0.00001,0.00001,0.00001,0.00001,0.00001,0.00001,0.00001,0.00001,5,0.00001,0.00001,622,130,0.209003215,20,0.00001,0.00001,227,0.00001,0.00001
Taylor,45.2116558,-90.5048529,84,0.00001,0.00001,17,0.00001,0.00001,46,0.00001,0.00001,10,0.00001,0.00001,477,3,0.006289308,106,0.00001,0.00001,75,1,0.013333333,151,0.00001,0.00001,84,0.00001,0.00001,146,2,0.01369863,181,0.00001,0.00001,0.00001,0.00001,0.00001,114,0.00001,0.00001,7,0.00001,0.00001,112,0.00001,0.00001,360,12,0.033333333,8,0.00001,0.00001,77,0.00001,0.00001,62,0.00001,0.00001
Trempealeau,44.3030501,-91.3588668,12,0.00001,0.00001,441,0.00001,0.00001,64,0.00001,0.00001,23,0.00001,0.00001,199,0.00001,0.00001,224,0.00001,0.00001,555,38,0.068468468,397,9,0.022670025,0.00001,0.00001,0.00001,1089,124,0.113865932,217,3,0.013824885,11,0.00001,0.00001,21,0.00001,0.00001,376,0.00001,0.00001,343,2,0.005830904,181,0.00001,0.00001,29,0.00001,0.00001,84,0.00001,0.00001,587,43,0.073253833
Unknown,43.4,-87.25,140,9,0.064285714,50,0.00001,0.00001,1505,397,0.263787375,16,0.00001,0.00001,219,0.00001,0.00001,131,1,0.007633588,374,5,0.013368984,22,0.00001,0.00001,12,0.00001,0.00001,165,0.00001,0.00001,157,21,0.133757962,122,0.00001,0.00001,419,0.00001,0.00001,31,0.00001,0.00001,356,0.00001,0.00001,193,0.00001,0.00001,127,1,0.007874016,9,0.00001,0.00001,85,0.00001,0.00001
Vernon,43.5993661,-90.8219835,562,0.00001,0.00001,113,0.00001,0.00001,596,1,0.001677852,13,0.00001,0.00001,49,0.00001,0.00001,79,0.00001,0.00001,299,0.00001,0.00001,118,0.00001,0.00001,362,2,0.005524862,52,0.00001,0.00001,35,0.00001,0.00001,1393,187,0.134242642,101,5,0.04950495,47,0.00001,0.00001,202,0.00001,0.00001,946,187,0.197674419,36,0.00001,0.00001,247,0.00001,0.00001,77,0.00001,0.00001
Vilas,46.049848,-89.501254,44,0.00001,0.00001,238,0.00001,0.00001,22,0.00001,0.00001,751,11,0.014647137,296,0.00001,0.00001,68,3,0.044117647,126,0.00001,0.00001,0.00001,0.00001,0.00001,0.00001,0.00001,0.00001,155,0.00001,0.00001,252,3,0.011904762,179,0.00001,0.00001,126,0.00001,0.00001,0.00001,0.00001,0.00001,14,0.00001,0.00001,124,0.00001,0.00001,361,6,0.016620499,37,0.00001,0.00001,179,0.00001,0.00001
Walworth,42.6681095,-88.5417306,190,0.00001,0.00001,36,0.00001,0.00001,422,0.00001,0.00001,241,0.00001,0.00001,14,0.00001,0.00001,215,0.00001,0.00001,222,0.00001,0.00001,629,66,0.104928458,446,3,0.006726457,1157,154,0.133102852,168,0.00001,0.00001,19,0.00001,0.00001,152,0.00001,0.00001,454,1,0.002202643,385,3,0.007792208,153,0.00001,0.00001,39,0.00001,0.00001,56,0.00001,0.00001,672,61,0.09077381
Washburn,45.8924885,-91.7964217,149,24,0.161073826,126,0.00001,0.00001,1491,419,0.28101945,0.00001,0.00001,0.00001,68,0.00001,0.00001,183,0.00001,0.00001,161,3,0.01863354,0.00001,0.00001,0.00001,375,12,0.032,24,0.00001,0.00001,21,0.00001,0.00001,175,0.00001,0.00001,215,28,0.130232558,136,0.00001,0.00001,282,0.00001,0.00001,46,0.00001,0.00001,418,1,0.002392344,289,0.00001,0.00001,370,2,0.005405405
Washington,43.391156,-88.2329166,8,0.00001,0.00001,81,0.00001,0.00001,438,0.00001,0.00001,157,0.00001,0.00001,470,2,0.004255319,45,0.00001,0.00001,0.00001,0.00001,0.00001,65,0.00001,0.00001,0.00001,0.00001,0.00001,77,0.00001,0.00001,56,0.00001,0.00001,222,0.00001,0.00001,429,1,0.002331002,275,0.00001,0.00001,43,0.00001,0.00001,1458,246,0.16872428,138,15,0.108695652,146,0.00001,0.00001,143,0.00001,0.00001
Waukesha,43.0183677,-88.3042404,1006,262,0.260437376,183,0.00001,0.00001,281,0.00001,0.00001,170,1,0.005882353,104,0.00001,0.00001,270,0.00001,0.00001,20,1,0.05,800,8,0.01,175,0.00001,0.00001,133,10,0.07518797,214,0.00001,0.00001,193,0.00001,0.00001,331,9,0.027190332,198,0.00001,0.00001,110,0.00001,0.00001,24,0.00001,0.00001,128,0.00001,0.00001,362,12,0.033149171,25,0.00001,0.00001
Waupaca,44.4780043,-88.9670053,144,0.00001,0.00001,154,0.00001,0.00001,163,0.00001,0.00001,220,0.00001,0.00001,231,0.00001,0.00001,49,0.00001,0.00001,145,0.00001,0.00001,132,0.00001,0.00001,569,80,0.14059754,446,17,0.038116592,1257,214,0.170246619,169,1,0.00591716,60,0.00001,0.00001,150,0.00001,0.00001,412,2,0.004854369,285,4,0.014035088,37,0.00001,0.00001,107,0.00001,0.00001,32,0.00001,0.00001
Waushara,44.1128231,-89.2397862,619,70,0.113085622,220,38,0.172727273,154,0.00001,0.00001,1612,464,0.287841191,56,0.00001,0.00001,162,0.00001,0.00001,136,5,0.036764706,406,8,0.019704433,22,0.00001,0.00001,82,0.00001,0.00001,143,0.00001,0.00001,212,35,0.16509434,117,0.00001,0.00001,217,0.00001,0.00001,115,0.00001,0.00001,480,0.00001,0.00001,236,0.00001,0.00001,490,0.00001,0.00001,17,0.00001,0.00001
Winnebago,44.0857068,-88.6681488,34,0.00001,0.00001,349,0.00001,0.00001,212,0.00001,0.00001,482,0.00001,0.00001,85,0.00001,0.00001,0.00001,0.00001,0.00001,0.00001,0.00001,0.00001,59,0.00001,0.00001,0.00001,0.00001,0.00001,0.00001,0.00001,0.00001,0.00001,0.00001,0.00001,53,0.00001,0.00001,76,0.00001,0.00001,202,0.00001,0.00001,424,0.00001,0.00001,59,0.00001,0.00001,29,0.00001,0.00001,1552,304,0.195876289,134,13,0.097014925
Wood,44.4614126,-90.0388252,71,0.00001,0.00001,89,0.00001,0.00001,1068,279,0.261235955,87,0.00001,0.00001,373,1,0.002680965,270,0.00001,0.00001,94,0.00001,0.00001,193,0.00001,0.00001,34,1,0.029411765,733,15,0.020463847,184,0.00001,0.00001,98,7,0.071428571,196,0.00001,0.00001,159,1,0.006289308,251,6,0.023904382,245,0.00001,0.00001,216,0.00001,0.00001,43,0.00001,0.00001,102,1,0.009803922
